city,latitude,longitude
Kabul,34.4667,69.1833
Tirane,41.3,19.8167
Algiers,36.7,3.13333
Pago Pago,-14.2667,-170.717
Andorra la Vella,42.5167,1.53333
Luanda,-8.83333,13.25
W. Indies,17.3333,-61.8
Buenos Aires,-36.5,-60
Yerevan,40.1667,44.5167
Oranjestad,12.5333,-70.0333
Canberra (Use Sydney),-35.25,149.133
Vienna,48.2,16.3667
Baku,40.4833,49.9333
Nassau,25.0833,-77.3333
Manama,26.1667,50.5
Dhaka,23.7167,90.4333
Bridgetown,13.0833,-59.5
Minsk,53.8667,27.5
Brussels,50.85,4.35
Belmopan,17.3,-88.5
Porto-Novo,6.38333,2.7
Thimphu,27.5167,89.75
La Paz,-16.3333,-68.1667
Sarajevo,43.8667,18.4333
Gaborone,-24.75,25.95
Brasilia,-15.7833,-47.9167
Road Town,18.45,-64.6167
Bandar Seri Begawan,4.86667,115
Sofia,42.75,23.3333
Ouagadougou,12.25,-1.5
Bujumbura,-3.26667,29.3
Phnom Penh,11.55,104.917
Yaounde,3.83333,11.5833
Ottawa,45.45,-75.7
Praia,15.0333,-23.5667
George Town,19.3333,-81.4
Bangui,4.38333,18.5833
N'Djamena,12.1667,14.9833
Santiago,-33.4,-70.6667
Beijing,39.9167,116.333
Bogota,4.56667,-74
Moroni,-11.6667,43.2667
Brazzaville,-4.15,15.2
San Jose,9.91667,-84.0333
Yamoussoukro,6.81667,-5.28333
Zagreb,45.8333,15.9667
Havana,23.1333,-82.3667
Nicosia,35.1667,33.4167
Prague,50.0833,14.3667
P'yongyang,39.15,125.5
Kinshasa,-4.33333,15.25
Copenhagen,55.6833,12.5667
Djibouti,11.1333,42.3333
Roseau,15.3333,-61.4
Santo Domingo,18.5,-69.9833
Dili,-8.48333,125.567
Quito,-0.25,-78.5833
Cairo,30.0167,31.2333
San Salvador,13.6667,-89.1667
Malabo,3.75,8.83333
Asmara,15.3167,38.9167
Tallinn,59.3667,24.8
Addis Ababa,9.03333,38.7
Stanley,-51.6667,-59.85
Torshavn,62.0833,-6.93333
Suva,-18.1,178.5
Helsinki,60.25,25.05
Paris,48.8333,2.33333
Cayenne,5.08333,-52.3
Papeete,-17.5333,-149.567
Libreville,0.416667,9.43333
Banjul,13.4667,-16.6667
T'bilisi,41.7167,44.8333
Berlin,52.5,13.4167
Accra,5.58333,-0.1
Athens,37.9667,23.7667
Nuuk,64.1667,-51.5833
Basse-Terre,16,-61.7333
Guatemala,14.6667,-90.3667
St. Peter Port,49.4333,-2.55
Conakry,9.48333,-13.8167
Bissau,11.75,-15.75
Georgetown,6.83333,-58.2
Port-au-Prince,18.6667,-72.3333
,-53,74
Tegucigalpa,14.0833,-87.2333
Budapest,47.4833,19.0833
Reykjavik,64.1667,-21.95
New Delhi,28.6167,77.2167
Jakarta,-6.15,106.817
Tehran,35.7333,51.5
Baghdad,33.3333,44.5
Dublin,53.35,-6.25
Jerusalem,31.7833,35.2
Rome,41.9,12.4833
Kingston,18,-76.8333
Tokyo,35.682,139.69
Amman,31.95,35.8667
Astana,51.1667,71.5
Nairobi,-1.28333,36.8
Tarawa,1.5,173
Kuwait,29.5,48
Bishkek,42.9,74.7667
Vientiane,17.9667,102.6
Riga,56.8833,24.1333
Beirut,33.8833,35.5167
Maseru,-29.3,27.5
Monrovia,6.3,-10.7833
Tripoli,32.8167,13.1167
Vaduz,47.1333,9.51667
Vilnius,54.6333,25.3167
Luxembourg,49.6167,6.15
Antananarivo,-18.9167,47.5167
Lilongwe,-14,33.8
Kuala Lumpur,3.15,101.683
Male,4,73.4667
Bamako,12.5667,-7.91667
Valletta,35.9,14.5167
Fort-de-France,14.6,-61.0333
Nouakchott,-20.1667,57.5
Mamoudzou,-12.8,45.2333
Mexico,19.3333,-99.1667
Palikir,6.91667,158.15
Chisinau ,47.025,28.839
Maputo,-25.9667,32.5333
Yangon,16.75,96.3333
Windhoek,-22.5833,17.0667
Kathmandu,27.75,85.3333
Amsterdam,52.3833,4.9
Willemstad,12.0833,-69
Noumea,-22.2833,166.5
Wellington,-41.3167,174.767
Managua,12.1,-86.3333
Niamey,13.45,2.1
Abuja,9.08333,7.53333
Kingston,-45.3333,168.717
Saipan,15.2,145.75
Oslo,59.9167,10.75
Masqat,23.6167,58.6
Islamabad,33.6667,73.1667
Koror,7.33333,134.467
Panama,9,-79.4167
Port Moresby,-9.4,147.133
Asuncion,-25.1667,-57.5
Lima,-12,-77
Manila,14.6667,121.05
Warsaw,52.2167,21
Lisbon,38.7,-9.16667
San Juan,18.4667,-66.1167
Doha,25.25,51.5833
Seoul,37.5167,126.967
Bucuresti,44.45,26.1667
Moskva,55.75,37.5833
Kigali,-1.98333,30.0667
Basseterre,17.2833,-62.7167
Castries,14.0333,-60.9667
Saint-Pierre,46.7667,-56.2
Kingstown,13.1667,-61.1667
Apia,-13.8333,-171.833
San Marino,43.9167,12.5
Sao Tome,0.166667,6.65
Riyadh,24.6833,46.7
Dakar,14.5667,-17.4833
Freetown,8.5,-13.2833
Singapore,1.281,103.852
Bratislava,48.1667,17.1167
Ljubljana,46.0667,14.55
Honiara,-9.45,159.95
Mogadishu,2.03333,45.4167
Pretoria (Use Johannesburg),-25.7333,28.2
Madrid,40.4167,-3.75
Khartoum,15.5167,32.5833
Paramaribo,5.83333,-55.1667
Mbabane,-26.3,31.1
Stockholm,59.3333,18.05
Bern,46.95,7.46667
Damascus,33.5,36.3
Dushanbe,38.55,68.8
Bangkok,13.75,100.583
Skopje,42.0167,21.4333
Lome,6.15,1.33333
Nuku'alofa,-21.1667,-174
Tunis,36.8333,10.1833
Ankara,39.95,32.9
Ashgabat,38,57.8333
Funafuti,-8.51667,179.217
Kampala,0.333333,32.5
Kiev,50.5,30.4667
Abu Dhabi,24.4667,54.3667
London,51.6,-0.0833333
Dodoma,-6.13333,35.75
Washington DC,38.895,-77.038
Charlotte Amalie,18.35,-64.9333
Montevideo,-34.8333,-56.1833
Tashkent,41.3333,69.1667
Port-Vila,-17.75,168.3
Caracas,10.5,-66.9167
Hanoi,21.0833,105.917
Belgrade,44.8333,20.6167
Lusaka,-15.4667,28.2667
Harare,-17.7167,31.0333
